item_code,eod_date,price_open,price_high,price_low,count_trade,price_close
5930,2018-09-22,46550,47550,46550,14387027,47400
5930,2018-09-21,46850,47600,46400,13536966,47250
5930,2018-09-20,46000,46200,45700,9367454,46150
5930,2018-09-19,44950,45900,44700,9987090,45500
5930,2018-09-18,45550,45800,44900,8123384,45150
5930,2018-09-17,45000,45850,44900,12446344,45850
5930,2018-09-14,44550,44750,44000,18277942,44050
5930,2018-09-13,44900,45100,44500,12995269,44550
5930,2018-09-12,45550,45900,45050,9865790,45050
5930,2018-09-11,45450,45550,45000,9979838,45500
5930,2018-09-10,44500,45200,44400,18285508,44900
5930,2018-09-07,46200,46400,45800,9040553,46100
5930,2018-09-06,47300,47450,46400,9139998,46600
5930,2018-09-05,47550,47800,47200,6791255,47650
5930,2018-09-04,48200,48300,47300,8595084,47450
5930,2018-09-03,47100,48450,47000,13577454,48450
5930,2018-08-31,46950,47950,46700,12193231,47650
5930,2018-08-30,46750,46800,46400,5572374,46800
5930,2018-08-29,46800,46950,46300,7365976,46550
5930,2018-08-28,46100,46550,46000,5263782,46300
5930,2018-08-27,45900,46400,45550,6582535,46150
5930,2018-08-24,46150,46200,45700,6730918,46200
5930,2018-08-23,45150,46200,44900,11641656,46100
5930,2018-08-22,43700,44900,43700,9520270,44800
5930,2018-08-21,43500,44200,43500,7289124,43850
5930,2018-08-20,44050,44400,44050,6808747,44100
5930,2018-08-17,43800,44650,43700,10088229,44250
5930,2018-08-16,44850,45400,44850,6365450,45150
5930,2018-08-14,44950,45100,44650,9803831,45050
5930,2018-08-13,46150,46400,44850,16670643,45400
5930,2018-08-10,47000,47050,46450,12010886,46900
5930,2018-08-09,47000,47000,46550,6429338,46800
5930,2018-08-08,46300,46750,45900,9058174,46700
5930,2018-08-07,46150,46150,45750,6771979,45800
5930,2018-08-06,45850,45900,45450,8274944,45750
5930,2018-08-03,46550,46800,45500,8560924,45550
5930,2018-08-02,46050,46850,46050,7484499,46550
5930,2018-08-01,46200,46450,46000,8033607,46250
5930,2018-07-31,46550,46800,46350,5723035,46500
5930,2018-07-30,46450,47000,46450,4762460,46900
5930,2018-07-27,46100,47000,46000,7374946,46900
5930,2018-07-26,46250,46550,45900,7222471,46150
5930,2018-07-25,46350,46600,45950,8261363,46150
5930,2018-07-24,47100,47200,46150,10823782,46500
5930,2018-07-23,47000,47600,46700,10474547,47450
5930,2018-07-20,47050,47200,46600,9880128,46900
5930,2018-07-19,46700,47200,46450,10952645,46550
5930,2018-07-18,46150,46200,45600,8892953,45850
5930,2018-07-17,46800,46800,46000,7678719,46050
5930,2018-07-16,45800,46500,45750,11543389,46500
5930,2018-07-13,45900,46250,45450,11828104,45500
5930,2018-07-12,46400,46450,45400,11224077,46000
5930,2018-07-11,46200,46550,46100,10528665,46300
5930,2018-07-10,45500,46100,45200,11602464,45600
5930,2018-07-09,45500,45850,44650,17843706,44900
5930,2018-07-06,46100,46550,45600,7039773,45950
5930,2018-07-05,46700,47050,46050,8776763,46250
5930,2018-07-04,45750,46450,45750,10959655,46150
5930,2018-07-03,46500,47150,45500,13112253,45550
5930,2018-07-02,46250,47150,46200,14099635,46650
5930,2018-06-29,46850,47150,46600,12784800,46800
5930,2018-06-28,47450,48500,47000,15274752,47950
5930,2018-06-27,45900,47300,45900,11223166,47000
5930,2018-06-26,47050,47050,46150,10587711,46650
5930,2018-06-25,47000,47250,46200,10298006,47250
5930,2018-06-22,47900,47900,47050,10015541,47050
5930,2018-06-21,47450,47600,46850,12959316,47000
5930,2018-06-20,47200,47350,46500,15217971,47000
5930,2018-06-19,47600,47650,46200,16661870,46600
5930,2018-06-18,48500,48700,47650,17080892,47650
5930,2018-06-15,49000,49000,48200,20971729,48200
5930,2018-06-14,49700,49800,49250,12110569,49400
5930,2018-06-12,49750,50300,49350,10571312,49900
5930,2018-06-11,50200,50400,49600,16951706,49650
5930,2018-06-08,51800,51800,50500,13590016,50600
5930,2018-06-07,51100,51400,50400,9144100,51300
5930,2018-06-05,50800,51200,50700,9767171,51100
5930,2018-06-04,50500,51700,49950,13038499,51300
5930,2018-06-01,50400,50800,49850,63491109,50700
5930,2018-05-31,51300,51500,49100,20498098,49500
5930,2018-05-30,52200,52500,51300,8480437,51300
5930,2018-05-29,52500,53000,52000,9787820,52300
5930,2018-05-28,51000,52800,50800,15207266,52700
5930,2018-05-25,52000,52000,51100,8289275,51400
5930,2018-05-24,50600,52000,50400,17095490,51800
5930,2018-05-23,49650,50200,49100,9020998,50000
5930,2018-05-21,49900,49900,49350,6706570,49500
5930,2018-05-18,50300,50500,49400,10365440,49400
5930,2018-05-17,49200,50200,49150,15918683,49850
5930,2018-05-16,50200,50400,49100,18709146,49200
5930,2018-05-15,51000,51100,49900,14909272,50100
5930,2018-05-14,52000,52200,51200,10314997,51300
5930,2018-05-11,51700,51700,50600,13905263,51600
5930,2018-05-10,52600,52800,50900,16128305,50900
5930,2018-05-09,52600,53200,51900,23104720,52600
5930,2018-05-08,53000,53900,51800,39565391,51900
5930,2018-05-04,53380,53640,52440,30310800,53000
5930,2018-04-27,50420,52160,50400,18046550,52140
5930,2018-04-26,49220,50500,49220,16614600,50400
5930,2018-04-25,51840,51860,50080,15770300,50460
5930,2018-04-24,51000,52080,51000,11619000,51900
5930,2018-04-23,51800,52260,51420,11761000,51620
5930,2018-04-20,52000,52980,51540,17190550,52780
5930,2018-04-19,51000,51360,50580,13462600,51360
5930,2018-04-18,50240,50540,49820,7772000,49980
5930,2018-04-17,50320,50600,49860,7877450,50340
5930,2018-04-16,49600,50180,49400,10278300,49800
5930,2018-04-13,49440,49440,48880,12466250,49000
5930,2018-04-12,49900,49900,48600,10051100,48860
5930,2018-04-11,48540,49220,48040,10984350,48880
5930,2018-04-10,48260,49440,48200,9950400,49200
5930,2018-04-09,48000,48580,47400,12532700,48400
5930,2018-04-06,47400,49380,47340,13245600,48740
5930,2018-04-05,48160,48260,46920,12384200,46920
5930,2018-04-04,47880,48140,47280,12768250,48120
5930,2018-04-03,49000,49220,48500,7115650,48540
5930,2018-04-02,49080,49900,49080,7777100,49220
5930,2018-03-30,48700,49560,48320,10067000,49040
5930,2018-03-29,49100,49100,48340,15159450,48700
5930,2018-03-28,50320,50460,49080,11874000,49980
5930,2018-03-27,49420,50280,49040,10057750,50280
5930,2018-03-26,50340,50720,49600,14854950,49720
5930,2018-03-23,51060,51780,51040,8454100,51780
5930,2018-03-22,51780,51780,51060,8905200,51060
5930,2018-03-21,50700,51200,50100,8193250,51200
5930,2018-03-20,50620,51340,50440,8218850,50740
5930,2018-03-19,51220,51420,50240,12184900,51140
5930,2018-03-16,52000,52020,51020,8882450,51540
5930,2018-03-15,51020,52000,51000,12713250,51760
5930,2018-03-14,50760,51660,50360,20098700,51660
5930,2018-03-13,50560,50780,49580,8688950,49740
5930,2018-03-12,49440,50540,49240,14304400,49740
5930,2018-03-09,49200,49480,48080,19463650,49200
5930,2018-03-08,48200,48900,47220,21427050,48620
5930,2018-03-07,45920,47100,45820,15423350,47020
5930,2018-03-06,45820,46160,45080,14100950,45200
5930,2018-03-05,46580,46800,46000,13265500,46020
5930,2018-03-02,47380,48100,47000,15162350,47060
5930,2018-02-28,48360,48380,47380,9830550,47380
5930,2018-02-27,47280,47560,47080,9560650,47380
5930,2018-02-26,46760,47800,46760,12423300,47220
5930,2018-02-23,47260,47260,46760,8869950,46760
5930,2018-02-22,47280,47580,46840,12880200,47280
5930,2018-02-21,48040,48160,47220,10122600,47400
5930,2018-02-20,49800,49800,47860,15353450,48380
5930,2018-02-19,48080,49100,47940,18905900,49000
5930,2018-02-14,46200,48060,46200,18923250,47540
5930,2018-02-13,45100,46320,45040,15754950,45720
5930,2018-02-12,44440,45180,44420,17465000,44700
5930,2018-02-09,46120,46620,45980,23251050,46000
5930,2018-02-08,48240,48260,45800,23448050,45800
5930,2018-02-07,46600,47920,46580,19406450,47420
5930,2018-02-06,46500,48320,46000,28357900,47920
5930,2018-02-05,49380,49400,47700,29260350,47700
5930,2018-02-02,50620,50960,49720,27609450,49820
5930,2018-02-01,50020,54140,49600,64681300,49900
5930,2018-01-31,50440,50640,49780,12284550,49800
5930,2018-01-30,51200,51480,50900,11838800,51220
5930,2018-01-29,50500,50780,49840,10350100,50780
5930,2018-01-26,49220,50360,49160,11160350,50260
5930,2018-01-25,48860,49700,48560,9550500,49340
5930,2018-01-24,48660,49160,48300,13532700,49160
5930,2018-01-23,48640,48680,47960,12520900,48240
5930,2018-01-22,50380,50380,49040,9219950,49320
5930,2018-01-19,50020,50640,49820,14848850,49900
5930,2018-01-18,50020,50020,49060,11053050,49620
5930,2018-01-17,48760,50140,48620,20389650,50000
5930,2018-01-16,48800,48980,47920,10096000,48540
5930,2018-01-15,48240,48480,46760,27270450,48200
5930,2018-01-12,48200,49260,48020,25123800,48240
5930,2018-01-11,50500,50520,48640,18566800,48840
5930,2018-01-10,51460,51720,49980,18013600,50400
5930,2018-01-09,52400,52520,51500,8383650,52020
5930,2018-01-08,51300,52120,51200,9481150,52120
5930,2018-01-05,52120,52180,50640,11695450,51080
5930,2018-01-04,52540,52560,51420,10013500,51620
5930,2018-01-03,51380,51400,50780,8474250,51020
5930,2018-01-02,49560,50960,49500,8985450,50960
5930,2017-12-28,48960,49560,48460,10743600,49360
5930,2017-12-27,49760,50100,48200,16039850,48200
5930,2017-12-26,49400,49960,49240,11199650,49700
5930,2017-12-22,51000,51060,49100,15624300,49140
5930,2017-12-21,51500,51760,50820,10080550,50880
5930,2017-12-20,51540,52080,51520,11978600,51560
5930,2017-12-19,50620,51240,50620,7350250,51200
5930,2017-12-18,51240,51480,50520,14928550,50620
5930,2017-12-15,51320,52280,51060,20310400,51060
5930,2017-12-14,52100,52100,51100,11333700,51320
5930,2017-12-13,51820,52100,51660,8765050,52100
5930,2017-12-12,52000,52040,51500,8125850,51780
5930,2017-12-11,51360,52000,51040,11290450,52000
5930,2017-12-08,50040,50980,50020,11065600,50740
5930,2017-12-07,51260,51560,50020,10889200,50020
5930,2017-12-06,50600,51300,50280,9326550,51260
5930,2017-12-05,50840,51340,50020,14865050,51340
5930,2017-12-04,50800,51780,50800,12868600,50840
5930,2017-12-01,50800,51860,50200,29634150,50800
5930,2017-11-30,53200,53240,52500,9590250,52600
5930,2017-11-29,52700,53280,51720,13499400,53280
5930,2017-11-28,55360,55360,52640,18128900,52640
5930,2017-11-27,55300,55500,55180,4536200,55460
5930,2017-11-24,55960,55980,55020,6272900,55300
5930,2017-11-23,55980,56200,55620,7952950,55960
5930,2017-11-22,55400,55840,55280,10324700,55280
5930,2017-11-21,55900,55980,55200,9472750,55200
5930,2017-11-20,56400,56880,55820,10733150,55820
5930,2017-11-17,55440,56000,55400,7640700,55780
5930,2017-11-16,55920,56320,55320,8816950,55340
5930,2017-11-15,56380,56740,55920,6725000,55920
5930,2017-11-14,56400,56800,56100,8806650,56380
5930,2017-11-13,55800,56540,55780,6748800,56400
5930,2017-11-10,56920,56920,55900,11994050,56340
5930,2017-11-09,56100,57060,55860,8520200,56760
5930,2017-11-08,56380,56920,55860,7464550,56100
5930,2017-11-07,56380,56500,55340,9000950,56380
5930,2017-11-06,57060,57140,55860,9935800,56380
5930,2017-11-03,57500,57520,56760,10721050,57060
5930,2017-11-02,57500,57500,56180,14510250,57220
5930,2017-11-01,54060,55440,53500,13381550,55080
5930,2017-10-31,53780,54320,53700,8196150,54040
5930,2017-10-30,52400,53320,52140,7392500,53080
5930,2017-10-27,53720,53900,52400,9776550,52400
5930,2017-10-26,54040,54420,53700,5882850,53900
5930,2017-10-25,54700,54780,54040,5806050,54040
5930,2017-10-24,54600,54640,54000,8311050,54300
5930,2017-10-23,52800,54100,52800,8027050,53840
5930,2017-10-20,54700,54700,52980,12108700,52980
5930,2017-10-19,54820,55240,54040,10110750,54760
5930,2017-10-18,54020,55380,54000,10607800,54800
5930,2017-10-17,53980,54860,53760,9769950,53920
5930,2017-10-16,54540,54840,53780,12601650,54000
5930,2017-10-13,54840,55160,54100,13890700,54800
5930,2017-10-12,53600,54760,53340,13652150,54640
5930,2017-10-11,53360,53640,52800,20519800,52800
5930,2017-10-10,51180,51620,50840,12909400,51280
5930,2017-09-29,52260,52460,51260,12025450,51260
5930,2017-09-28,52000,52200,51500,10797000,51680
5930,2017-09-27,53020,53120,51560,17057200,51660
5930,2017-09-26,53000,53680,53000,9303100,53620
5930,2017-09-25,52960,53600,52460,13922400,53000
5930,2017-09-22,52220,52960,52220,8839800,52800
5930,2017-09-21,52120,52500,51840,9292750,52220
5930,2017-09-20,52500,52640,51780,9850400,52120
5930,2017-09-19,50540,52480,50520,11524950,52480
5930,2017-09-18,50300,50560,49860,10757300,50400
5930,2017-09-15,50060,50320,49760,14204750,50300
5930,2017-09-14,49820,50400,49440,9357000,49620
5930,2017-09-13,50200,50220,49140,12029750,49600
5930,2017-09-12,49700,50180,49500,10374750,49800
5930,2017-09-11,48700,49180,48580,10893000,49080
5930,2017-09-08,47000,48220,47000,9676500,48120
5930,2017-09-07,46760,47180,46700,10811050,47000
5930,2017-09-06,46240,46900,45960,11716100,46760
5930,2017-09-05,45780,46360,45500,7943500,46040
5930,2017-09-04,46460,46640,46300,10641700,46480
5930,2017-09-01,46220,46640,46000,11011700,46320
5930,2017-08-31,46380,46400,45960,7513000,46200
5930,2017-08-30,45640,46080,45160,12623650,46080
5930,2017-08-29,47020,47240,45960,9962100,46100
5930,2017-08-28,47880,47880,46720,11243550,47020
5930,2017-08-25,47520,47660,47340,8657450,47520
5930,2017-08-24,47780,47780,47180,9384700,47480
5930,2017-08-23,46820,47160,46700,7381750,47000
5930,2017-08-22,47240,47240,46580,5103450,46840
5930,2017-08-21,46760,47240,46240,10477950,46900
5930,2017-08-18,46960,47300,46740,12415850,47040
5930,2017-08-17,46220,46380,46000,21913650,46200
5930,2017-08-16,45120,45400,44720,19185600,45000
5930,2017-08-14,45120,45300,44220,25407300,44620
5930,2017-08-11,46200,46320,45460,22986150,45900
5930,2017-08-10,47400,47400,46240,14555400,46280
5930,2017-08-09,47980,48260,47480,7979600,47720
5930,2017-08-08,47500,48080,47440,7218250,47580
5930,2017-08-07,48160,48180,47500,8359200,47700
5930,2017-08-04,49000,49000,47120,15540800,47780
5930,2017-08-03,49200,49340,48600,7777450,49000
5930,2017-08-02,48000,48840,47540,11369500,48600
5930,2017-08-01,47420,48240,46920,12701400,48200
5930,2017-07-31,49800,49800,47380,26168300,47760
5930,2017-07-28,50000,50640,49560,11449500,49800
5930,2017-07-27,49600,50020,49300,11224800,49840
5930,2017-07-26,50500,50760,49940,10810600,50000
5930,2017-07-25,50700,51000,50620,7099750,50860
5930,2017-07-24,50860,51160,50520,8449050,51080
5930,2017-07-21,50760,51320,50560,8367600,51200
5930,2017-07-20,50620,50820,50000,11157500,50740
5930,2017-07-19,50420,50880,50360,7084450,50840
5930,2017-07-18,50900,51020,50520,8976100,50640
5930,2017-07-17,51000,51080,50420,8239000,50480
5930,2017-07-14,50080,50940,50040,16034150,50560
5930,2017-07-13,49000,50000,48840,9486150,49880
5930,2017-07-12,48640,49000,48280,9717800,49000
5930,2017-07-11,48500,48900,48320,10792750,48660
5930,2017-07-10,47740,48120,47620,8131900,47860
5930,2017-07-07,48000,48100,47720,10923050,48060
5930,2017-07-06,46820,47680,46780,10640250,47580
5930,2017-07-05,47160,47400,46900,7961000,47000
5930,2017-07-04,47500,47780,47120,6805550,47220
5930,2017-07-03,47500,47620,47100,11877550,47540
5930,2017-06-30,48040,48320,47940,8306550,47940
5930,2017-06-29,47600,48000,47560,9572500,47700
5930,2017-06-28,48220,48400,47900,9616750,48300
5930,2017-06-27,47520,48360,47520,8552800,48280
5930,2017-06-26,47600,47780,47420,9515100,47620
5930,2017-06-23,47960,48080,47720,11455800,47960
5930,2017-06-22,47740,48120,47480,9973650,47480
5930,2017-06-21,47240,48140,47220,15045000,48140
5930,2017-06-20,45580,46560,45560,11303900,46560
5930,2017-06-19,45500,45940,45460,17403450,45580
5930,2017-06-16,45680,45920,45180,9657000,45680
5930,2017-06-15,45800,46060,45240,10166700,45360
5930,2017-06-14,45140,45620,45140,8624900,45400
5930,2017-06-13,45420,45600,45140,10954300,45380
5930,2017-06-12,45680,46440,45600,11732850,46100
5930,2017-06-09,45000,45580,45000,13978750,45160
5930,2017-06-08,46500,46500,45240,13729400,45300
5930,2017-06-07,46040,46360,45720,7599400,45940
5930,2017-06-05,45060,45960,45000,12488750,45960
5930,2017-06-02,44860,44900,44400,9753500,44680
5930,2017-06-01,44580,45020,44400,18669100,44700
5930,2017-05-31,45520,45660,44480,12433600,44640
5930,2017-05-30,46220,46400,45380,8739550,45620
5930,2017-05-29,45600,46460,45540,13613650,46080
5930,2017-05-26,45160,45680,44800,13044800,45680
5930,2017-05-25,44860,45300,44800,8675400,44880
5930,2017-05-24,45400,45580,44900,12607050,44920
5930,2017-05-23,45040,45380,44760,17643550,45100
5930,2017-05-22,45640,45780,44720,15762350,44720
5930,2017-05-19,45740,46000,45540,11160350,45940
5930,2017-05-18,46120,46640,46100,7424450,46340
5930,2017-05-17,46660,46800,46100,8803750,46380
5930,2017-05-16,45620,46280,45620,8001400,46100
5930,2017-05-15,45760,46160,45660,9422900,45820
5930,2017-05-12,45420,46180,45220,21277850,45500
5930,2017-05-11,46160,47220,45600,23410950,45600
5930,2017-05-10,45520,47020,45340,19582550,47020
5930,2017-05-08,45700,45700,44860,13690100,45520
5930,2017-05-04,45500,45500,44760,14068300,44900
5930,2017-05-02,45780,45800,44520,22685700,44620
5930,2017-04-28,42700,44520,41960,23032250,43840
5930,2017-04-27,42700,42800,42520,14794800,42800
5930,2017-04-26,41460,42740,41320,19299600,42700
5930,2017-04-25,41260,41260,40920,8990150,41240
5930,2017-04-24,40480,41400,40480,15130500,40760
5930,2017-04-21,40580,40800,40080,21148850,40280
5930,2017-04-20,41300,41420,40900,11762900,40900
5930,2017-04-19,41680,41820,41280,6860650,41500
5930,2017-04-18,42000,42080,41520,5224750,41560
5930,2017-04-17,42160,42260,41760,5462850,42020
5930,2017-04-14,41660,42460,41660,9040800,42420
5930,2017-04-13,41860,41940,41700,8274900,41900
5930,2017-04-12,41940,41940,41580,7172900,41600
5930,2017-04-11,41940,41940,41500,7141350,41940
5930,2017-04-10,41800,41820,41160,10021000,41600
5930,2017-04-07,42000,42080,41600,9683400,41840
5930,2017-04-06,41900,42240,41700,10699700,42140
5930,2017-04-05,41600,42180,41520,12255500,42080
5930,2017-04-04,41400,41720,41300,9579400,41440
5930,2017-04-03,41820,42020,41200,10500300,41200
5930,2017-03-31,41880,42440,41880,8204000,41980
5930,2017-03-30,41740,41960,41580,10093250,41780
5930,2017-03-29,41560,41840,41380,8216250,41480
5930,2017-03-28,41200,41880,41180,12177650,41200
5930,2017-03-27,41600,41980,41080,12808150,41500
5930,2017-03-24,42200,42360,41700,15397100,41800
5930,2017-03-23,41600,42460,41580,16427250,42460
5930,2017-03-22,41780,42680,41760,14220150,42560
5930,2017-03-21,42000,42120,41740,10250050,41900
5930,2017-03-20,41800,42500,41720,12602300,42400
5930,2017-03-17,41800,42180,41540,9933150,41840
5930,2017-03-16,40800,41440,40800,9587850,41400
5930,2017-03-15,40620,41540,40500,11325050,41360
5930,2017-03-14,40040,40980,40040,7424100,40600
5930,2017-03-13,39960,40420,39860,10227800,40180
5930,2017-03-10,40200,40300,40020,14372250,40200
5930,2017-03-09,40200,40620,40140,12140950,40200
5930,2017-03-08,39800,40320,39800,10553250,40200
5930,2017-03-07,39220,40220,39220,12234850,40080
5930,2017-03-06,39340,39720,39160,12708700,39620
5930,2017-03-03,38420,39860,38420,21249800,39720
5930,2017-03-02,38060,38760,37960,15088700,38440
5930,2017-02-28,38020,38140,37700,9033700,38060
5930,2017-02-27,38960,39100,38060,9296850,38220
5930,2017-02-24,39020,39440,39020,10217300,39180
5930,2017-02-23,39000,39340,38980,8539450,39300
5930,2017-02-22,38540,39560,38420,10562600,38940
5930,2017-02-21,38220,38780,38160,7485800,38660
5930,2017-02-20,37560,38040,37280,15377450,37860
5930,2017-02-17,37800,38360,37780,10226350,38020
5930,2017-02-16,37080,37960,37080,14191550,37720
5930,2017-02-15,37960,38260,37320,13124150,37580
5930,2017-02-14,37740,38060,37720,11102050,37960
5930,2017-02-13,38400,38760,38300,11020750,38360
5930,2017-02-10,38780,38840,38220,13694150,38400
5930,2017-02-09,38740,38780,38200,17092950,38400
5930,2017-02-08,39560,39580,38760,14041800,38820
5930,2017-02-07,39580,39660,39140,8860700,39560
5930,2017-02-06,39400,39500,39180,10386350,39460
5930,2017-02-03,39600,39660,39200,15029300,39360
5930,2017-02-02,39540,39660,39040,14150400,39120
5930,2017-02-01,39900,39900,39460,17992200,39460
5930,2017-01-31,39420,40000,39420,15214500,39900
5930,2017-01-26,38340,39400,38320,13433850,39400
5930,2017-01-25,38120,38580,37880,11048750,38160
5930,2017-01-24,37200,38060,37000,8810400,38060
5930,2017-01-23,37120,37420,36880,9185000,37200
5930,2017-01-20,37720,37920,37020,9418900,37480
5930,2017-01-19,37040,37500,36620,8875400,36940
5930,2017-01-18,36580,37460,36580,8150700,36960
5930,2017-01-17,36860,37820,36320,16611500,36660
5930,2017-01-16,38100,38320,37460,15954450,37460
5930,2017-01-13,38000,38800,37980,11669150,38800
5930,2017-01-12,37520,38560,37420,12018150,38280
5930,2017-01-11,37280,37400,37080,9099800,37240
5930,2017-01-10,36600,37500,36560,13194900,37220
5930,2017-01-09,36180,36440,36040,8880950,36200
5930,2017-01-06,36060,36060,35540,10967450,35560
5930,2017-01-05,36500,36520,36100,7971750,36160
5930,2017-01-04,36280,36620,36020,7357650,36480
5930,2017-01-03,35980,36240,35880,4650600,36100
5930,2017-01-02,35420,36040,35400,7516450,36040
5930,2016-12-29,35840,35980,35600,6662900,35760
5930,2016-12-28,35980,36200,35860,4653450,35980
5930,2016-12-27,35600,36000,35560,4823600,35960
5930,2016-12-26,36020,36080,35600,8334850,35640
5930,2016-12-23,36260,36300,35980,6354600,36180
5930,2016-12-22,36360,36600,36020,6552100,36100
5930,2016-12-21,35920,36400,35840,7615200,36240
5930,2016-12-20,35620,36380,35620,5435800,35900
5930,2016-12-19,35300,36020,35200,11747700,35860
5930,2016-12-16,34820,35500,34820,5773550,35180
5930,2016-12-15,35560,35680,35280,7455100,35540
5930,2016-12-14,34620,35440,34620,11684450,35320
5930,2016-12-13,34660,35360,34660,11414450,35040
5930,2016-12-12,35900,35900,35400,10652450,35600
5930,2016-12-09,35980,36020,35520,16462550,35800
5930,2016-12-08,35040,35480,35040,9603650,35440
5930,2016-12-07,34440,35200,34400,14001800,34960
5930,2016-12-06,34340,34680,34220,8484600,34360
5930,2016-12-05,34480,34760,34140,15352950,34540
5930,2016-12-02,34800,35060,34660,15535350,34980
5930,2016-12-01,33540,34940,33540,28535200,34920
5930,2016-11-30,33800,33960,33380,18081300,33540
5930,2016-11-29,33000,33620,32800,13294050,33540
5930,2016-11-28,32820,33040,32660,6276900,33000
5930,2016-11-25,32980,33040,32660,7757150,33000
5930,2016-11-24,33220,33220,32520,12668600,32980
5930,2016-11-23,32140,32900,32000,9751100,32800
5930,2016-11-22,31300,32120,31300,8180200,31860
5930,2016-11-21,31640,31760,31400,9460750,31720
5930,2016-11-18,31100,31520,30900,7870550,31360
5930,2016-11-17,30800,31280,30800,13308200,31160
5930,2016-11-16,31060,31620,30780,13665700,30780
5930,2016-11-15,31900,31920,31040,15133300,31060
5930,2016-11-14,31700,32360,31700,12836800,31960
5930,2016-11-11,32600,33000,32360,11795350,32980
5930,2016-11-10,32920,33140,31820,15683600,31920
5930,2016-11-09,32980,32980,32700,5417450,32880
5930,2016-11-08,32940,33000,32680,7661900,32800
5930,2016-11-07,32100,32680,32100,7103850,32540
5930,2016-11-04,32600,32800,32120,10341850,32320
5930,2016-11-03,32800,33040,32620,10099250,32860
5930,2016-11-02,32600,33040,32240,10347400,33040
5930,2016-11-01,32320,32780,32220,12067200,32780
5930,2016-10-31,31600,32280,31600,10214200,32280
5930,2016-10-28,31420,32340,31120,14117000,31460
5930,2016-10-27,31940,31980,31240,10534000,31340
5930,2016-10-26,32000,32080,31840,9866100,31940
5930,2016-10-25,31860,32160,31800,9289950,32160
5930,2016-10-24,32120,32260,31760,10477500,31780
5930,2016-10-21,32520,33020,32180,10330450,32400
5930,2016-10-20,31580,32860,31500,15444550,32500
5930,2016-10-19,31440,31900,31440,10384500,31780
5930,2016-10-18,31300,32040,30760,12785200,31800
5930,2016-10-17,30960,31760,30940,14158950,31540
5930,2016-10-14,31000,31620,30900,21864550,31140
5930,2016-10-13,29900,30900,29880,39088550,30700
5930,2016-10-12,32000,32500,30900,38427150,30900
5930,2016-10-11,33000,33780,32560,25293300,33600
5930,2016-10-10,34000,34320,33800,26050550,34120
5930,2016-10-07,33920,34000,33340,29558150,33820
5930,2016-10-06,32020,32520,31940,12470450,32380
5930,2016-10-05,32200,32480,32120,13053100,32280
5930,2016-10-04,31800,32300,31700,11762700,31960
5930,2016-09-30,31460,32380,31440,11397550,32000
5930,2016-09-29,31080,31460,31080,8706400,31340
5930,2016-09-28,31000,31500,30660,9834400,31380
5930,2016-09-27,31420,31920,31280,14524800,31360
5930,2016-09-26,31640,31960,31320,18299650,31420
5930,2016-09-23,32000,32820,31980,11429950,32360
5930,2016-09-22,31900,32020,31520,10509050,31840
5930,2016-09-21,31180,31760,31180,12921150,31700
5930,2016-09-20,30760,31380,30720,22408150,31160
5930,2016-09-19,30160,30980,29900,24717250,30540
5930,2016-09-13,29800,30120,29120,26499350,29300
5930,2016-09-12,32220,32360,31280,13258400,31500
5930,2016-09-09,32460,32780,32280,12070850,32780
5930,2016-09-08,32960,33040,32420,9591850,32420
5930,2016-09-07,32140,32900,31940,7660150,32860
5930,2016-09-06,31800,32300,31700,8383800,32120
5930,2016-09-05,31900,32260,31760,8153000,31940
5930,2016-09-02,31660,31760,31260,18790150,31740
5930,2016-09-01,32820,32820,32220,20532200,32400
5930,2016-08-31,32940,33420,32660,7849600,32900
5930,2016-08-30,32040,32800,31940,8925750,32800
5930,2016-08-29,32120,32460,32060,12058000,32240
5930,2016-08-26,32600,33180,32440,14173800,32780
5930,2016-08-25,33600,33640,32720,15938550,33060
5930,2016-08-24,33300,33880,33140,11545700,33740
5930,2016-08-23,33480,33840,33180,12612200,33300
5930,2016-08-22,32760,33500,32720,16805150,33500
5930,2016-08-19,31340,32880,31320,18327050,32800
5930,2016-08-18,31380,31400,31020,7446450,31320
5930,2016-08-17,30900,31520,30900,10843100,31360
5930,2016-08-16,31180,31400,30880,10474850,30900
5930,2016-08-12,30820,31180,30520,10533600,31180
5930,2016-08-11,31340,31400,30680,12340350,30820
5930,2016-08-10,31480,31580,31140,9023200,31340
5930,2016-08-09,31320,31500,31120,11125150,31380
5930,2016-08-08,30580,31280,30500,6958850,31220
5930,2016-08-05,30380,30660,30340,7009950,30340
5930,2016-08-04,30960,30960,30340,7504900,30340
5930,2016-08-03,31360,31360,30920,8315800,30960
5930,2016-08-02,31380,31600,31200,11515400,31360
5930,2016-08-01,30400,31140,30220,14985600,30780
5930,2016-07-29,30660,30720,29960,9503700,30140
5930,2016-07-28,30240,30580,30240,6335050,30540
5930,2016-07-27,30000,30620,29960,7228500,30600
5930,2016-07-26,30000,30460,29900,7732500,30040
5930,2016-07-25,30120,30560,30120,8585150,30320
5930,2016-07-22,30800,30940,30740,8544700,30860
5930,2016-07-21,30660,30840,30480,7773150,30800
5930,2016-07-20,30560,30800,30440,10122250,30660
5930,2016-07-19,30360,30660,30000,11567200,30660
5930,2016-07-18,30000,30440,29720,11623150,30360
5930,2016-07-15,29620,30000,29520,12430250,30000
5930,2016-07-14,29920,29920,29260,10009900,29620
5930,2016-07-13,29980,30100,29200,11024700,29280
5930,2016-07-12,29200,30000,29200,14056800,29780
5930,2016-07-11,29000,29500,28980,13498150,29200
5930,2016-07-08,28420,29000,28320,11495200,29000
5930,2016-07-07,28940,29040,28240,16749150,28420
5930,2016-07-06,29320,29500,29240,7870350,29380
5930,2016-07-05,29280,29480,29020,7995000,29320
5930,2016-07-04,28540,29580,28540,14393600,29320
5930,2016-07-01,28160,28900,27940,13671700,28500
5930,2016-06-30,28160,28240,27820,10527050,27920
5930,2016-06-29,27800,28080,27580,10718950,27980
5930,2016-06-28,28000,28100,27700,11839000,27960
5930,2016-06-27,28900,28900,27200,20552600,28000
5930,2016-06-24,28880,28900,28540,11256300,28600
5930,2016-06-23,28920,29000,28620,8948250,28900
5930,2016-06-22,28640,28980,28520,10020550,28960
5930,2016-06-21,28540,28960,28520,13515800,28620
5930,2016-06-20,28200,28700,28200,16419700,28520
5930,2016-06-17,28260,28340,27900,14621550,28180
5930,2016-06-16,27700,28320,27660,15334450,28260
5930,2016-06-15,27420,27720,27380,12273050,27600
5930,2016-06-14,27920,27920,27240,15248300,27420
5930,2016-06-13,28480,28500,28080,14484050,28120
5930,2016-06-10,28160,28600,28120,25768750,28600
5930,2016-06-09,28380,28380,27780,18808100,28120
5930,2016-06-08,27720,28040,27600,23142150,27960
5930,2016-06-07,27400,27580,27280,17066200,27540
5930,2016-06-03,27000,27440,26920,23806950,27300
5930,2016-06-02,25960,26820,25900,23504000,26660
5930,2016-06-01,25600,26000,25360,62527700,25840
5930,2016-05-31,25940,25940,25480,10315350,25600
5930,2016-05-30,26000,26020,25460,13744550,25640
5930,2016-05-27,25980,26060,25900,12653650,25920
5930,2016-05-26,25660,25960,25480,11862750,25900
5930,2016-05-25,25720,25780,25360,10434600,25420
5930,2016-05-24,25380,25720,25380,8112550,25720
5930,2016-05-23,25400,25600,25380,7960550,25380
5930,2016-05-20,25360,25540,25320,10012450,25400
5930,2016-05-19,25280,25420,25100,9169600,25360
5930,2016-05-18,24980,25300,24980,9183550,25280
5930,2016-05-17,25060,25260,24940,11720150,24960
5930,2016-05-16,25620,25620,25020,12284900,25060
5930,2016-05-13,25840,25840,25500,7615100,25620
5930,2016-05-12,25920,25980,25740,8834400,25840
5930,2016-05-11,25980,26000,25760,8559550,25920
5930,2016-05-10,25800,26000,25700,15644700,25980
5930,2016-05-09,25440,25800,25240,14702750,25800
5930,2016-05-04,25340,25400,25120,7903300,25220
5930,2016-05-03,24940,25240,24900,7027600,25000
5930,2016-05-02,25200,25340,24840,16253900,24900
5930,2016-04-29,26000,26000,25220,14653450,25300
5930,2016-04-28,25880,26000,25720,8297300,26000
5930,2016-04-27,25700,26100,25660,8345050,25920
5930,2016-04-26,25700,25700,25420,4597850,25620
5930,2016-04-25,25880,25880,25540,5741500,25600
5930,2016-04-22,26000,26020,25760,7254450,25880
5930,2016-04-21,25640,26000,25640,8598600,25980
5930,2016-04-20,25880,25920,25660,7238300,25760
5930,2016-04-19,25900,26100,25840,6423700,25980
5930,2016-04-18,26180,26200,25800,6829950,26000
5930,2016-04-15,26000,26040,25780,16766350,26000
5930,2016-04-14,25400,25620,25320,6702700,25500
5930,2016-04-12,24920,25420,24920,6034650,25320
5930,2016-04-11,25380,25380,24800,12593400,24920
5930,2016-04-08,26000,26000,25160,12939750,25380
5930,2016-04-07,25380,25820,25360,9211700,25700
5930,2016-04-06,25980,25980,25200,11815950,25200
5930,2016-04-05,25580,26100,25580,9402300,26100
5930,2016-04-04,25980,26180,25420,13557800,25580
5930,2016-04-01,26120,26280,25960,19130750,26240
5930,2016-03-31,26200,26420,26040,13380250,26160
5930,2016-03-30,25880,26000,25700,8622700,25800
5930,2016-03-29,25760,26000,25760,6060900,25880
5930,2016-03-28,25660,25800,25560,7172300,25760
5930,2016-03-25,25580,25800,25320,10939750,25640
5930,2016-03-24,25380,25580,25240,9870900,25580
5930,2016-03-23,25340,25580,25240,10143600,25380
5930,2016-03-22,25480,25580,25160,9058500,25340
5930,2016-03-21,25560,25560,25260,11265700,25460
5930,2016-03-18,25300,25920,25140,12343450,25260
5930,2016-03-17,25120,25260,25060,7342800,25120
5930,2016-03-16,25100,25280,24920,8640400,25060
5930,2016-03-15,25340,25460,24980,10857700,25100
5930,2016-03-14,24500,25060,24320,13361250,24980
5930,2016-03-11,24160,24720,24020,14177000,24500
5930,2016-03-10,23760,23980,23540,9169000,23880
5930,2016-03-09,24460,24480,23720,10810100,23840
5930,2016-03-08,24400,24620,24300,6568800,24460
5930,2016-03-07,24400,24560,24040,10074500,24300
5930,2016-03-04,24260,24400,24040,10949550,24400
5930,2016-03-03,24000,24140,23920,11818600,23940
5930,2016-03-02,23580,23880,23520,14434000,23560
5930,2016-02-29,23600,23740,23440,8867200,23440
5930,2016-02-26,23440,23740,23440,6681750,23580
5930,2016-02-25,23560,23580,23220,7024200,23440
5930,2016-02-24,23580,23780,23460,7383700,23620
5930,2016-02-23,23800,23840,23320,8744950,23500
5930,2016-02-22,23740,23900,23480,8842600,23800
5930,2016-02-19,24060,24060,23560,11124050,23740
5930,2016-02-18,23580,24020,23380,12303100,23700
5930,2016-02-17,23160,23580,23140,9020050,23360
5930,2016-02-16,23080,23200,22880,9157300,23080
5930,2016-02-15,22600,23020,22440,12811600,22600
5930,2016-02-12,22360,22740,22360,15263100,22600
5930,2016-02-11,23120,23380,23120,9404700,23280
5930,2016-02-05,23000,23220,22960,12397950,23120
5930,2016-02-04,23000,23040,22740,8725350,22920
5930,2016-02-03,23220,23320,22940,8317400,23120
5930,2016-02-02,23040,23260,23020,12998950,23260
5930,2016-02-01,22800,23000,22320,21849150,23000
5930,2016-01-29,23280,23360,22780,15795600,22900
5930,2016-01-28,22520,23500,22520,13811850,23500
5930,2016-01-27,23100,23140,22720,7619950,22740
5930,2016-01-26,23440,23520,23120,7995650,23240
5930,2016-01-25,22900,23360,22900,7376400,23360
5930,2016-01-22,22660,23100,22500,9517600,22620
5930,2016-01-21,23200,23200,22640,8352600,22760
5930,2016-01-20,22560,23420,22560,10362100,23420
5930,2016-01-19,21760,22660,21760,16010700,22520
5930,2016-01-18,22800,23040,22480,10473200,22640
5930,2016-01-15,22620,22840,22620,10451100,22760
5930,2016-01-14,23060,23180,22960,7165800,22960
5930,2016-01-13,22960,23320,22880,10314150,22920
5930,2016-01-12,23120,23320,22920,12063850,23040
5930,2016-01-11,23260,23720,23260,12888150,23420
5930,2016-01-08,23320,23660,23020,14119400,23260
5930,2016-01-07,24160,24160,23360,18337600,23500
5930,2016-01-06,24040,24360,23720,10800100,24160
5930,2016-01-05,25200,25200,24100,15346950,24100
5930,2016-01-04,25200,25440,25080,10197900,25200
5930,2015-12-30,25300,25320,24820,11647200,25080
5930,2015-12-29,25700,25780,25320,11361500,25320
5930,2015-12-28,25900,26000,25700,7807550,25700
5930,2015-12-24,25840,25980,25640,10357400,25900
5930,2015-12-23,25600,25840,25340,10309600,25840
5930,2015-12-22,25560,25700,25220,8023300,25600
5930,2015-12-21,25300,25760,25280,8418450,25560
5930,2015-12-18,26020,26160,25500,8733850,25800
5930,2015-12-17,25560,26200,25560,10398100,25980
5930,2015-12-16,25220,25600,25200,8774700,25540
5930,2015-12-15,25460,25460,25100,11140050,25220
5930,2015-12-14,25660,25900,25440,10336450,25680
5930,2015-12-11,25260,25860,25260,15193350,25660
5930,2015-12-10,25240,25500,25240,9090600,25260
5930,2015-12-09,25240,25440,25240,6916100,25240
5930,2015-12-08,25380,25500,25240,9805350,25240
5930,2015-12-07,25500,25600,25340,9635550,25380
5930,2015-12-04,25900,25940,25720,8334750,25800
5930,2015-12-03,26420,26440,25880,11481400,26000
5930,2015-12-02,25880,26440,25760,12605650,26420
5930,2015-12-01,26500,26500,25680,26700300,25680
5930,2015-11-30,26900,26980,26540,8492700,26540
5930,2015-11-27,25980,26800,25980,9290000,26700
5930,2015-11-26,26000,26200,25980,7131350,25980
5930,2015-11-25,25640,26100,25640,7978000,25980
5930,2015-11-24,25700,26040,25620,9941000,25640
5930,2015-11-23,25780,25920,25560,8436000,25700
5930,2015-11-20,25800,25800,25420,9642500,25780
5930,2015-11-19,25440,25800,25440,8386750,25620
5930,2015-11-18,25500,25800,25400,9309200,25400
5930,2015-11-17,25820,25820,25260,13785250,25260
5930,2015-11-16,26340,26340,26000,8883850,26000
5930,2015-11-13,26660,26680,26340,7870850,26340
5930,2015-11-12,26420,26900,26420,7022450,26660
5930,2015-11-11,26720,26820,26280,9877550,26420
5930,2015-11-10,26760,26880,26420,9283050,26880
5930,2015-11-09,26860,26960,26600,8216100,26760
5930,2015-11-06,26600,27080,26600,8652100,26840
5930,2015-11-05,27040,27220,26520,14053500,26600
5930,2015-11-04,27620,27620,27000,15092000,27040
5930,2015-11-03,27700,27860,27480,19327300,27660
5930,2015-11-02,26900,27800,26820,25469250,27440
5930,2015-10-30,26600,27840,26480,31523550,26500
5930,2015-10-29,25880,26160,25820,13565150,26160
5930,2015-10-28,25640,25980,25620,6612050,25960
5930,2015-10-27,25960,25960,25440,7608250,25840
5930,2015-10-26,26000,26000,25560,13153550,25780
5930,2015-10-23,25600,25900,25380,11533650,25600
5930,2015-10-22,25300,25640,25180,6978350,25400
5930,2015-10-21,25200,25460,25120,7517350,25320
5930,2015-10-20,25140,25300,24980,5853500,25120
5930,2015-10-19,25300,25380,25180,7198400,25300
5930,2015-10-16,24880,25640,24860,12425150,25380
5930,2015-10-15,24960,25200,24740,8752550,25080
5930,2015-10-14,25200,25440,24960,9900000,25040
5930,2015-10-13,25200,25260,24940,18948700,25200
5930,2015-10-12,25000,25580,25000,28533850,25400
5930,2015-10-08,23960,25040,23720,39975100,25020
5930,2015-10-07,22600,23100,22540,19149350,23020
5930,2015-10-06,22380,22620,22300,12096750,22300
5930,2015-10-05,22240,22660,22240,13715100,22380
5930,2015-10-02,22800,22900,22420,12052050,22680
5930,2015-10-01,22000,22680,21800,22946800,22680
5930,2015-09-30,22400,22500,22180,10458000,22240
5930,2015-09-25,22520,22700,22500,6636050,22520
5930,2015-09-24,22880,22880,22500,9882450,22620
5930,2015-09-23,22860,23000,22600,12533750,22900
5930,2015-09-22,23260,23460,23000,10267950,23000
5930,2015-09-21,22900,23840,22700,21813500,23800
5930,2015-09-18,23060,23140,22880,13698000,23140
5930,2015-09-17,22420,23140,22420,17188150,23040
5930,2015-09-16,22280,22560,22260,11647800,22460
5930,2015-09-15,22400,22480,22200,8353650,22480
5930,2015-09-14,22520,22660,22300,10208350,22300
5930,2015-09-11,22600,22780,22360,18128400,22680
5930,2015-09-10,22920,22940,22720,12968800,22940
5930,2015-09-09,22260,22720,22120,9116500,22620
5930,2015-09-08,22580,22580,22100,9590250,22240
5930,2015-09-07,22880,22880,22360,12586700,22580
5930,2015-09-04,22040,22460,21860,15257100,22440
5930,2015-09-03,21380,21900,21300,15634150,21800
5930,2015-09-02,21780,21960,21620,12018600,21700
5930,2015-09-01,21420,21780,21040,20415450,21780
5930,2015-08-31,21720,21720,21460,23111150,21620
5930,2015-08-28,21640,21720,21260,24769400,21340
5930,2015-08-27,21360,21480,21000,27947600,21340
5930,2015-08-26,21580,22140,21340,19625950,21580
5930,2015-08-25,21760,22300,20660,22429600,21580
5930,2015-08-24,21980,22560,21920,20442550,22020
5930,2015-08-21,23260,23420,22600,10805950,22780
5930,2015-08-20,23380,23520,22820,20070750,23080
5930,2015-08-19,22360,22820,22340,11583600,22620
5930,2015-08-18,22800,22820,22080,11360850,22080
5930,2015-08-17,23060,23060,22760,7520550,22800
5930,2015-08-13,23000,23280,22800,11154000,23080
5930,2015-08-12,23020,23580,22960,11664300,23140
5930,2015-08-11,22800,22840,22600,5722500,22820
5930,2015-08-10,22400,22740,22300,13787100,22720
5930,2015-08-07,23100,23120,22300,20199050,22300
5930,2015-08-06,23640,23640,23160,12802500,23180
5930,2015-08-05,23500,23740,23400,12844350,23640
5930,2015-08-04,23680,23680,23320,9844550,23500
5930,2015-08-03,24400,24440,23500,19579450,23700
5930,2015-07-31,25160,25200,24300,15419600,24300
5930,2015-07-30,25000,25500,24620,13734450,25260
5930,2015-07-29,24480,25020,24380,13381350,24600
5930,2015-07-28,24580,24940,24560,12152000,24600
5930,2015-07-27,24540,24760,24480,9829200,24580
5930,2015-07-24,24880,25060,24680,10448250,24680
5930,2015-07-23,24880,25200,24700,13416150,25060
5930,2015-07-22,25500,25540,24940,9702750,25260
5930,2015-07-21,25820,26080,25460,6446400,25500
5930,2015-07-20,26000,26220,25560,14861650,26100
5930,2015-07-17,24460,25740,24460,11173450,25640
5930,2015-07-16,24500,24760,24480,8370650,24700
5930,2015-07-15,25300,25400,24420,19989700,24500
5930,2015-07-14,25000,25440,24900,7672050,25320
5930,2015-07-13,25140,25320,24960,9573400,25180
5930,2015-07-10,24600,25300,24520,14030500,25300
5930,2015-07-09,24800,25020,24640,11780950,24780
5930,2015-07-08,24400,25180,24400,12478250,24800
5930,2015-07-07,25060,25200,24460,10099950,24600
5930,2015-07-06,25740,25880,25340,7130200,25360
5930,2015-07-03,25720,26080,25700,8223000,25980
5930,2015-07-02,25360,26040,25180,8324900,25900
5930,2015-07-01,25520,25700,25320,9870350,25360
5930,2015-06-30,25380,25700,25120,11519950,25620
5930,2015-06-29,25040,25800,25040,10347500,25560
5930,2015-06-26,25800,26060,25380,10695800,25380
5930,2015-06-25,26000,26220,25820,10198000,26040
5930,2015-06-24,26180,26560,25820,10159000,26420
5930,2015-06-23,25820,25920,25520,6370900,25620
5930,2015-06-22,25320,25560,25200,7094750,25320
5930,2015-06-19,25180,25580,25020,8247600,25300
5930,2015-06-18,25000,25320,24800,9452300,25080
5930,2015-06-17,25400,25480,24900,12767600,25100
5930,2015-06-16,25100,25480,25100,8067800,25400
5930,2015-06-15,25560,25740,25280,11741500,25540
5930,2015-06-12,25260,25480,25060,15314050,25140
5930,2015-06-11,25640,25880,25240,12501700,25240
5930,2015-06-10,26000,26200,25360,13735250,25640
5930,2015-06-09,26900,26940,26260,10118950,26280
5930,2015-06-08,26500,27100,26400,9828150,26820
5930,2015-06-05,26300,26820,26100,19411950,26740
5930,2015-06-04,26060,26320,25300,11769400,25460
5930,2015-06-03,26000,26060,25760,8757550,26060
5930,2015-06-02,26000,26020,25760,10921950,25820
5930,2015-06-01,26400,26420,25940,17380750,26140
5930,2015-05-29,26340,26420,26020,15048150,26180
5930,2015-05-28,27200,27320,26260,17265450,26280
5930,2015-05-27,27320,27380,26720,10034150,27240
5930,2015-05-26,27060,27060,26700,8195800,27000
5930,2015-05-22,27420,27440,26880,7210600,27040
5930,2015-05-21,26980,27400,26820,10291450,27320
5930,2015-05-20,26420,27100,26140,8680900,26760
5930,2015-05-19,26700,26700,26180,9626850,26400
5930,2015-05-18,27100,27120,26420,8922350,26520
5930,2015-05-15,26820,26860,26560,8488500,26800
5930,2015-05-14,26980,26980,26520,9877250,26660
5930,2015-05-13,26900,27060,26480,10633200,26620
5930,2015-05-12,27200,27200,26720,9640450,26720
5930,2015-05-11,27320,27400,26760,9488100,26760
5930,2015-05-08,27240,27500,27080,10257400,27400
5930,2015-05-07,27800,27820,27120,13270500,27240
5930,2015-05-06,28140,28460,27940,8283700,28000
5930,2015-05-04,27700,28360,27580,18352850,28200
5930,2015-04-30,27340,27880,27280,10895650,27700
5930,2015-04-29,27800,28000,27180,15697300,27320
5930,2015-04-28,28200,28220,27500,16517150,27900
5930,2015-04-27,28980,29100,28000,19089900,28200
5930,2015-04-24,29400,29400,28800,9245150,29020
5930,2015-04-23,28880,29460,28720,12655550,29220
5930,2015-04-22,28420,28900,28400,11852650,28880
5930,2015-04-21,28920,28960,28460,12394900,28600
5930,2015-04-20,29540,29560,28940,10172300,29000
5930,2015-04-17,29240,29540,28940,10762350,29540
5930,2015-04-16,29200,29400,28540,13551050,28920
5930,2015-04-15,29700,29700,29300,9429750,29480
5930,2015-04-14,29580,29820,29360,10293300,29580
5930,2015-04-13,29600,29880,29560,9960100,29800
5930,2015-04-10,29400,29780,29400,9107550,29660
5930,2015-04-09,29400,29700,29200,7773400,29580
5930,2015-04-08,29560,29700,29240,9526050,29240
5930,2015-04-07,28860,29800,28700,10582600,29400
5930,2015-04-06,28680,28800,28400,6270150,28680
5930,2015-04-03,28680,28800,28460,6903400,28680
5930,2015-04-02,28740,28740,28400,7266050,28460
5930,2015-04-01,28980,29040,28600,9842650,28820
5930,2015-03-31,28500,28680,28240,8955500,28560
5930,2015-03-30,28300,28960,28300,16065800,28420
5930,2015-03-27,29000,29120,28420,21005950,28420
5930,2015-03-26,29740,29760,29440,9369050,29700
5930,2015-03-25,29100,29560,29100,9113150,29520
5930,2015-03-24,29240,29480,29160,8122900,29340
5930,2015-03-23,29500,29600,29200,12704950,29280
5930,2015-03-20,30200,30200,29400,13225800,29400
5930,2015-03-19,29920,30120,29720,12464350,30060
5930,2015-03-18,29400,30000,29200,13661150,29940
5930,2015-03-17,29160,29740,29100,8974550,29400
5930,2015-03-16,29220,29580,29100,9413100,29140
5930,2015-03-13,29200,29460,28940,19153200,28940
5930,2015-03-12,28380,29580,28360,21108650,29480
5930,2015-03-11,28680,28860,28400,10419850,28420
5930,2015-03-10,28800,28800,28400,7814600,28400
5930,2015-03-09,28280,28980,28120,11733500,28840
5930,2015-03-06,28780,28860,28340,9615600,28440
5930,2015-03-05,28220,28800,28200,11603100,28740
5930,2015-03-04,28700,28740,28120,13748800,28360
5930,2015-03-03,27500,28460,27340,21805600,28460
5930,2015-03-02,27500,27520,27140,13009400,27140
5930,2015-02-27,27580,27600,27360,8179150,27500
5930,2015-02-26,27600,27700,27460,8374250,27580
5930,2015-02-25,27700,27780,27280,10863250,27340
5930,2015-02-24,27560,27800,27320,15301800,27340
5930,2015-02-23,27480,27540,27280,5745000,27540
5930,2015-02-17,27360,27480,27220,6226500,27480
5930,2015-02-16,27200,27220,26900,6522900,27220
5930,2015-02-13,26800,27160,26620,10748200,26880
5930,2015-02-12,27480,27480,27080,9973800,27100
5930,2015-02-11,28000,28000,27540,6519350,27560
5930,2015-02-10,27200,27980,27140,8693500,27900
5930,2015-02-09,26920,27480,26720,8005050,27440
5930,2015-02-06,27180,27380,26920,6770400,27160
5930,2015-02-05,27500,27620,27180,9328900,27180
5930,2015-02-04,27600,27600,27180,5654400,27320
5930,2015-02-03,27300,27540,27120,10521000,27360
5930,2015-02-02,27200,27540,27200,16110000,27300
5930,2015-01-30,27360,27900,27140,13702250,27200
5930,2015-01-29,27720,27800,27480,10831500,27560
5930,2015-01-28,27500,28000,27480,9957200,28000
5930,2015-01-27,27500,27900,27280,10153500,27780
5930,2015-01-26,28000,28000,27540,12858750,27720
5930,2015-01-23,27960,27980,27560,17957700,27560
5930,2015-01-22,27340,27900,27200,16612650,27900
5930,2015-01-21,27000,27440,26900,13278050,27440
5930,2015-01-20,26580,26980,26400,6672950,26860
5930,2015-01-19,26680,26680,26260,13568500,26320
5930,2015-01-16,26900,26980,26580,14103900,26680
5930,2015-01-15,26780,27100,26700,14332250,26900
5930,2015-01-14,26280,26800,26000,12293400,26780
5930,2015-01-13,26260,26380,26020,8325400,26320
5930,2015-01-12,26280,26440,26280,9312400,26280
5930,2015-01-09,26780,26780,26200,14477600,26280
5930,2015-01-08,25880,26220,25640,14322750,26140
5930,2015-01-07,26300,26340,25760,15235500,25900
5930,2015-01-06,26720,26720,26260,10139500,26660
5930,2015-01-05,26800,26800,26540,8774950,26600
5930,2015-01-02,26600,26700,26420,10649100,26540
5930,2014-12-30,26900,26940,26580,9637450,26580
5930,2014-12-29,26860,27100,26860,11488100,27040
5930,2014-12-26,26780,26860,26780,6257000,26860
5930,2014-12-24,26920,26980,26740,10976350,26780
5930,2014-12-23,26900,26940,26360,17943850,26900
5930,2014-12-22,25880,26560,25740,18356500,26560
5930,2014-12-19,25320,25580,25040,11808250,25320
5930,2014-12-18,25580,25660,25060,13088650,25320
5930,2014-12-17,25400,25780,25360,12894750,25580
5930,2014-12-16,25600,25600,25200,14337950,25460
5930,2014-12-15,26060,26080,25480,14397250,25720
5930,2014-12-12,26340,26380,25880,20490850,26100
5930,2014-12-11,26920,26920,26340,15977800,26340
5930,2014-12-10,26380,27140,26380,13553100,26980
5930,2014-12-09,26060,26420,26040,7916550,26380
5930,2014-12-08,26280,26280,26000,5637800,26040
5930,2014-12-05,26040,26060,25960,8871350,26000
5930,2014-12-04,26000,26020,25900,9735500,25960
5930,2014-12-03,25900,25900,25320,9222700,25900
5930,2014-12-02,25880,25960,25740,12866850,25900
5930,2014-12-01,25900,25920,25480,9844550,25740
5930,2014-11-28,25460,26020,25280,44377800,25280
5930,2014-11-27,23800,24220,23640,12287900,24020
5930,2014-11-26,24480,24480,23800,17811050,23800
5930,2014-11-25,24940,24960,24200,10284300,24400
5930,2014-11-24,24380,24520,24340,12336350,24460
5930,2014-11-21,24120,24400,24120,10024150,24200
5930,2014-11-20,24760,24760,24240,12502750,24360
5930,2014-11-19,24400,24540,24300,10754700,24400
5930,2014-11-18,23800,24400,23640,9693950,24100
5930,2014-11-17,24020,24020,23600,10621750,23880
5930,2014-11-14,24560,24640,23980,11547150,24000
5930,2014-11-13,24620,24680,24380,9079600,24600
5930,2014-11-12,25100,25220,24540,12141400,24620
5930,2014-11-11,24520,25380,24440,19202900,25360
5930,2014-11-10,24360,24360,23900,6030200,24120
5930,2014-11-07,23960,24200,23860,8570150,24080
5930,2014-11-06,24300,24500,23880,10162150,24040
5930,2014-11-05,24380,24840,24100,13000300,24340
5930,2014-11-04,25000,25040,24320,13475800,24700
5930,2014-11-03,23960,25000,23700,38623150,24880
5930,2014-10-31,22580,23660,22300,24566950,23620
5930,2014-10-30,22000,22600,21800,13726100,22600
5930,2014-10-29,21800,22000,21720,6243850,21820
5930,2014-10-28,22020,22220,21740,8388600,21900
5930,2014-10-27,22060,22240,21840,8378450,22240
5930,2014-10-24,22260,22260,21800,8505900,21880
5930,2014-10-23,21940,22080,21800,11127700,22080
5930,2014-10-22,21880,22000,21620,11766050,21660
5930,2014-10-21,22300,22340,22020,9476750,22120
5930,2014-10-20,22120,22300,21740,16281750,21780
5930,2014-10-17,22320,22420,22080,15148300,22300
5930,2014-10-16,22560,22900,22400,14143600,22500
5930,2014-10-15,22540,22920,22400,16572550,22540
5930,2014-10-14,21640,22540,21560,11344750,22160
5930,2014-10-13,22000,22280,21980,21837450,22100
5930,2014-10-10,22840,23020,22480,14720550,22600
5930,2014-10-08,23240,23720,23240,10149150,23240
5930,2014-10-07,22900,23120,22760,21252900,23020
5930,2014-10-06,23300,23300,22820,12732750,22820
5930,2014-10-02,23480,23660,23120,11929800,23120
5930,2014-10-01,23700,23760,23300,12379300,23680
5930,2014-09-30,23860,24000,23400,9401000,23900
5930,2014-09-29,23040,23700,22960,12413550,23700
5930,2014-09-26,23240,23320,22940,19414500,23120
5930,2014-09-25,23040,23220,22820,15789200,23000
5930,2014-09-24,23560,23700,23220,19541400,23220
5930,2014-09-23,24080,24080,23600,16022100,23760
5930,2014-09-22,24460,24460,24120,13435050,24200
5930,2014-09-19,24600,24600,24080,9476750,24200
5930,2014-09-18,24140,24520,24140,7545750,24520
5930,2014-09-17,24160,24300,24020,7092400,24120
5930,2014-09-16,24140,24160,23920,7161500,24000
5930,2014-09-15,24000,24160,24000,10872350,24020
5930,2014-09-12,24000,24140,23840,23309200,23840
5930,2014-09-11,24300,24320,23900,10770400,24020
5930,2014-09-05,24200,24320,24040,12099950,24200
5930,2014-09-04,24000,24000,23600,21238750,23780
5930,2014-09-03,24420,24500,23880,15899600,23880
5930,2014-09-02,24720,24740,24480,5664050,24520
5930,2014-09-01,24760,24760,24560,14558250,24680
5930,2014-08-29,25160,25160,24720,10311850,24840
5930,2014-08-28,24460,24740,24440,12171000,24600
5930,2014-08-27,24700,24700,24420,10719450,24440
5930,2014-08-26,24620,24620,24420,11577200,24560
5930,2014-08-25,24900,24940,24700,8407650,24940
5930,2014-08-22,25100,25220,24620,17105400,24700
5930,2014-08-21,25280,25420,25020,9430600,25220
5930,2014-08-20,25280,25460,25060,10044400,25080
5930,2014-08-19,25580,25600,25000,10518950,25000
5930,2014-08-18,25480,25640,25080,10447350,25220
5930,2014-08-14,25500,25500,24960,12845000,25280
5930,2014-08-13,25400,25880,25240,8995700,25320
5930,2014-08-12,25500,25640,25140,18619250,25400
5930,2014-08-11,25680,25700,24960,20621450,25000
5930,2014-08-08,26000,26040,25700,9527250,25800
5930,2014-08-07,26120,26320,25900,10830100,26000
5930,2014-08-06,26020,26420,26000,8626450,26320
5930,2014-08-05,26000,26340,25820,12066750,26340
5930,2014-08-04,26100,26560,25840,28231050,25840
5930,2014-08-01,27480,27700,26720,24351350,26860
5930,2014-07-31,27760,28160,27480,17359450,27900
5930,2014-07-30,27100,27760,27060,12809300,27720
5930,2014-07-29,27100,27340,26880,8992550,27160
5930,2014-07-28,26920,27100,26700,8790150,27100
5930,2014-07-25,27000,27160,26620,8051700,27100
5930,2014-07-24,27080,27140,26700,6417300,26760
5930,2014-07-23,26960,27160,26900,6300950,26960
5930,2014-07-22,26980,27200,26860,8059950,27060
5930,2014-07-21,26300,26860,26280,9742650,26860
5930,2014-07-18,26520,26700,26400,10922700,26600
5930,2014-07-17,26260,26460,26220,9114200,26420
5930,2014-07-16,26000,26460,25940,11976050,26400
5930,2014-07-15,25960,26000,25720,7082150,25720
5930,2014-07-14,26000,26040,25640,10779600,25680
5930,2014-07-11,26160,26220,26040,8960200,26120
5930,2014-07-10,25740,26160,25660,11829900,26160
5930,2014-07-09,25880,26380,25740,12073200,25900
5930,2014-07-08,25820,26020,25800,9437050,25840
5930,2014-07-07,26440,26520,26060,5978850,26120
5930,2014-07-04,26720,26720,26320,8543050,26360
5930,2014-07-03,26340,26620,26120,11139250,26600
5930,2014-07-02,26160,26280,26020,8725400,26200
5930,2014-07-01,26200,26480,26180,8881050,26440
5930,2014-06-30,26140,26380,26120,8953050,26220
5930,2014-06-27,26180,26860,26140,12765300,26500
5930,2014-06-26,26600,26660,26360,10231900,26400
5930,2014-06-25,26800,27080,26640,11890850,26900
5930,2014-06-24,26420,26640,26320,12488250,26440
5930,2014-06-23,26600,26600,25920,23902650,26020
5930,2014-06-20,26900,26980,26400,22339700,26460
5930,2014-06-19,27460,27520,27120,11044350,27160
5930,2014-06-18,27200,27560,27020,13476750,27480
5930,2014-06-17,27600,27640,27240,15319950,27480
5930,2014-06-16,28040,28080,27260,18589050,27340
5930,2014-06-13,28600,28600,28020,12943150,28260
5930,2014-06-12,28240,28600,28240,8625750,28440
5930,2014-06-11,28420,28760,28100,9214100,28720
5930,2014-06-10,29400,29460,28040,22269600,28180
5930,2014-06-09,29320,29600,29000,13507050,29140
5930,2014-06-05,29680,29900,29300,17234250,29400
5930,2014-06-03,28860,29160,28780,7439450,29100
5930,2014-06-02,29400,29640,28860,15831050,28860
5930,2014-05-30,29000,29300,28800,12521500,29200
5930,2014-05-29,28380,28700,28180,9200950,28660
5930,2014-05-28,28340,28460,28060,4748400,28140
5930,2014-05-27,28400,28640,28300,3735600,28440
5930,2014-05-26,28100,28560,28100,8511650,28560
5930,2014-05-23,28820,28960,28520,9540000,28520
5930,2014-05-22,28700,29000,28700,10842500,28820
5930,2014-05-21,28900,29080,28700,16007300,29020
5930,2014-05-20,28560,29000,28160,19281050,28960
5930,2014-05-19,28000,28740,27980,15856500,28560
5930,2014-05-16,28280,28380,28060,6806700,28200
5930,2014-05-15,28180,28300,28020,11103750,28300
5930,2014-05-14,27760,28500,27760,12107400,28000
5930,2014-05-13,26720,27900,26640,15944800,27760
5930,2014-05-12,27120,27160,26520,13157050,26700
5930,2014-05-09,27100,27100,26880,16281900,27000
5930,2014-05-08,27000,27120,26800,14189700,26880
5930,2014-05-07,27080,27180,26880,14943350,26920
5930,2014-05-02,27600,27620,26520,15047300,26860
5930,2014-04-30,27780,27900,27020,10909200,27200
5930,2014-04-29,28080,28120,27640,9431450,27760
5930,2014-04-28,28400,28560,27960,15269800,27980
5930,2014-04-25,28180,28180,27980,10546200,28140
5930,2014-04-24,27880,27900,27640,9500750,27780
5930,2014-04-23,27480,27680,27420,6084300,27500
5930,2014-04-22,27580,27720,27500,3299250,27600
5930,2014-04-21,27400,27580,27400,9518350,27560
5930,2014-04-18,27520,27600,27320,7241650,27400
5930,2014-04-17,27400,27840,27260,9308550,27600
5930,2014-04-16,27720,27740,27380,10969800,27400
5930,2014-04-15,27300,27720,27300,10586000,27400
5930,2014-04-14,27240,27360,27180,10659350,27300
5930,2014-04-11,27380,27600,27200,9999200,27600
5930,2014-04-10,27880,27900,27280,16061600,27420
5930,2014-04-09,27740,27980,27500,10608200,27880
5930,2014-04-08,27940,27940,27480,10761750,27940
5930,2014-04-07,27540,27940,27540,18400350,27600
5930,2014-04-04,27020,27900,27020,19098800,27800
5930,2014-04-03,27000,27140,26860,13100050,27140
5930,2014-04-02,26900,26900,26620,11081000,26780
5930,2014-04-01,26900,26900,26440,13259850,26860
5930,2014-03-31,26400,26760,26400,10648700,26700
5930,2014-03-28,25800,26660,25700,20877850,26660
5930,2014-03-27,25380,25800,24960,17444700,25700
5930,2014-03-26,25380,25400,24820,13625000,24940
5930,2014-03-25,25200,25480,25180,7073900,25460
5930,2014-03-24,25380,25460,25240,8321300,25460
5930,2014-03-21,25400,25440,25240,5939400,25240
5930,2014-03-20,25600,25700,25360,7638550,25380
5930,2014-03-19,25400,25660,25320,11045600,25560
5930,2014-03-18,25500,25520,25160,8820000,25320
5930,2014-03-17,25400,25700,25400,10836800,25500
5930,2014-03-14,25880,26260,25800,11750200,25800
5930,2014-03-13,26400,26400,25860,12579250,25880
5930,2014-03-12,26400,26540,26180,9079800,26440
5930,2014-03-11,26400,26600,26340,8657600,26400
5930,2014-03-10,26780,26780,26580,7548650,26780
5930,2014-03-07,26580,26580,26200,8616750,26520
5930,2014-03-06,26700,26820,26600,7491500,26600
5930,2014-03-05,26400,26580,26300,7900150,26300
5930,2014-03-04,26720,26800,26420,12104150,26500
5930,2014-03-03,26740,26980,26640,14232350,26980
5930,2014-02-28,26700,26840,26600,7891350,26820
5930,2014-02-27,26740,26860,26500,12918050,26840
5930,2014-02-26,26640,26800,26520,8785300,26680
5930,2014-02-25,26680,26900,26420,7425050,26560
5930,2014-02-24,26660,26660,26000,14346200,26600
5930,2014-02-21,25800,25920,25620,9543300,25720
5930,2014-02-20,26000,26000,25600,6179750,25800
5930,2014-02-19,25700,25980,25640,5910650,25900
5930,2014-02-18,25840,26120,25600,9386650,25700
5930,2014-02-17,25920,26160,25840,6220750,26020
5930,2014-02-14,26000,26400,25800,5838450,25960
5930,2014-02-13,26620,26620,26100,10027400,26140
5930,2014-02-12,25620,26300,25440,12684000,26220
5930,2014-02-11,25420,25620,25240,7799650,25540
5930,2014-02-10,25500,25580,25260,9943600,25500
5930,2014-02-07,24900,25340,24800,15197450,25180
5930,2014-02-06,24900,25100,24680,14926650,24740
5930,2014-02-05,25260,25260,24980,16033000,24980
5930,2014-02-04,25720,25760,25420,16259200,25440
5930,2014-02-03,25600,25760,25540,19181850,25600
5930,2014-01-29,25460,25860,25460,11701350,25660
5930,2014-01-28,25860,26080,25700,13346300,25840
5930,2014-01-27,26000,26360,25820,14001750,26140
5930,2014-01-24,26320,26440,25980,10336950,25980
5930,2014-01-23,26280,26560,26240,10826500,26560
5930,2014-01-22,26300,26540,26220,7562300,26480
5930,2014-01-21,26100,26380,25920,8682800,26320
5930,2014-01-20,26020,26300,25840,12774250,25840
5930,2014-01-17,26000,26200,25860,9752450,26020
5930,2014-01-16,26600,26620,25960,11747450,25980
5930,2014-01-15,25940,26600,25800,14716650,26260
5930,2014-01-14,25660,25940,25460,16449350,25900
5930,2014-01-13,25500,25720,25440,18189150,25440
5930,2014-01-10,26140,26140,25500,21250950,25500
5930,2014-01-09,26000,26080,25740,20474650,25820
5930,2014-01-08,26000,26360,25900,19763200,26080
5930,2014-01-07,26060,26400,25920,19735800,26140
5930,2014-01-06,26000,26220,25740,26496600,25920
5930,2014-01-03,26960,27100,26040,31025000,26180
5930,2014-01-02,27920,27940,27200,16908100,27440
5930,2013-12-30,28200,28220,27900,10510000,27920
5930,2013-12-27,28160,28300,28020,12307800,28160
5930,2013-12-26,28600,28640,28300,10980350,28300
5930,2013-12-24,28740,28760,28580,10639200,28660
5930,2013-12-23,28260,28540,28260,8407400,28540
5930,2013-12-20,28360,28680,28360,10552400,28540
5930,2013-12-19,28100,28200,27880,10899200,28020
5930,2013-12-18,28340,28340,27860,7762400,27900
5930,2013-12-17,27820,28080,27660,8954400,28000
5930,2013-12-16,28200,28220,27800,10053250,27800
5930,2013-12-13,27920,28200,27920,14962050,28200
5930,2013-12-12,28520,28880,28320,10629150,28400
5930,2013-12-11,28820,29020,28620,7755600,28800
5930,2013-12-10,28800,29080,28800,6996900,29080
5930,2013-12-09,29080,29080,28560,9147450,28560
5930,2013-12-06,28660,28920,28440,10479650,28800
5930,2013-12-05,29000,29060,28620,10844000,28640
5930,2013-12-04,29280,29560,29140,7798600,29220
5930,2013-12-03,30000,30060,29340,7487800,29340
5930,2013-12-02,29980,29980,29700,6752200,29880
5930,2013-11-29,29600,29880,29580,10644900,29880
5930,2013-11-28,29340,29520,29200,9351700,29400
5930,2013-11-27,29160,29580,29100,8586250,29580
5930,2013-11-26,29020,29440,29020,6615300,29300
5930,2013-11-25,28820,29120,28620,8574600,29000
5930,2013-11-22,29440,29440,28640,9019800,28800
5930,2013-11-21,29460,29740,29280,8178150,29400
5930,2013-11-20,29660,29780,29540,8183550,29780
5930,2013-11-19,29400,29520,29300,6386800,29480
5930,2013-11-18,28680,29240,28640,8339250,29240
5930,2013-11-15,29100,29100,28480,10132150,28480
5930,2013-11-14,28900,28980,28380,9995200,28380
5930,2013-11-13,28800,29320,28720,9784900,29120
5930,2013-11-12,28500,28680,28180,8563850,28560
